movies_name,movies_url,movies_genre,movies_duration,movies_director,movies_director_url,movies_star,movies_actor_name,movies_actor_character,movies_top_ten,movies_rating,movies_box_office
Doctor Sleep (2019),https://www.imdb.com/title/tt5606664/?ref_=inth_ov_tt,Drama,151 min,Mike Flanagan,https://www.imdb.com/name/nm1093039/?ref_=inth_ov_nm,"Stars: Ewan McGregor, Rebecca Ferguson, Kyliegh Curran, Cliff Curtis",Ewan McGregor,Dan Torrance,,,
Doctor Sleep (2019),https://www.imdb.com/title/tt5606664/?ref_=inth_ov_tt,Drama,151 min,Mike Flanagan,https://www.imdb.com/name/nm1093039/?ref_=inth_ov_nm,"Stars: Ewan McGregor, Rebecca Ferguson, Kyliegh Curran, Cliff Curtis",Rebecca Ferguson,Rose The Hat,,,
Doctor Sleep (2019),https://www.imdb.com/title/tt5606664/?ref_=inth_ov_tt,Drama,151 min,Mike Flanagan,https://www.imdb.com/name/nm1093039/?ref_=inth_ov_nm,"Stars: Ewan McGregor, Rebecca Ferguson, Kyliegh Curran, Cliff Curtis",Kyliegh Curran,Abra Stone,,,
Doctor Sleep (2019),https://www.imdb.com/title/tt5606664/?ref_=inth_ov_tt,Drama,151 min,Mike Flanagan,https://www.imdb.com/name/nm1093039/?ref_=inth_ov_nm,"Stars: Ewan McGregor, Rebecca Ferguson, Kyliegh Curran, Cliff Curtis",Cliff Curtis,Billy Freeman,,,
Doctor Sleep (2019),https://www.imdb.com/title/tt5606664/?ref_=inth_ov_tt,Drama,151 min,Mike Flanagan,https://www.imdb.com/name/nm1093039/?ref_=inth_ov_nm,"Stars: Ewan McGregor, Rebecca Ferguson, Kyliegh Curran, Cliff Curtis",Zahn McClarnon,Crow Daddy,,,
Doctor Sleep (2019),https://www.imdb.com/title/tt5606664/?ref_=inth_ov_tt,Drama,151 min,Mike Flanagan,https://www.imdb.com/name/nm1093039/?ref_=inth_ov_nm,"Stars: Ewan McGregor, Rebecca Ferguson, Kyliegh Curran, Cliff Curtis",Emily Alyn Lind,Snakebite Andi,,,
Doctor Sleep (2019),https://www.imdb.com/title/tt5606664/?ref_=inth_ov_tt,Drama,151 min,Mike Flanagan,https://www.imdb.com/name/nm1093039/?ref_=inth_ov_nm,"Stars: Ewan McGregor, Rebecca Ferguson, Kyliegh Curran, Cliff Curtis",Selena Anduze,Apron Annie,,,
Doctor Sleep (2019),https://www.imdb.com/title/tt5606664/?ref_=inth_ov_tt,Drama,151 min,Mike Flanagan,https://www.imdb.com/name/nm1093039/?ref_=inth_ov_nm,"Stars: Ewan McGregor, Rebecca Ferguson, Kyliegh Curran, Cliff Curtis",Robert Longstreet,Barry the Chunk,,,
Doctor Sleep (2019),https://www.imdb.com/title/tt5606664/?ref_=inth_ov_tt,Drama,151 min,Mike Flanagan,https://www.imdb.com/name/nm1093039/?ref_=inth_ov_nm,"Stars: Ewan McGregor, Rebecca Ferguson, Kyliegh Curran, Cliff Curtis",Carel Struycken,Grampa Flick,,,
Doctor Sleep (2019),https://www.imdb.com/title/tt5606664/?ref_=inth_ov_tt,Drama,151 min,Mike Flanagan,https://www.imdb.com/name/nm1093039/?ref_=inth_ov_nm,"Stars: Ewan McGregor, Rebecca Ferguson, Kyliegh Curran, Cliff Curtis",Catherine Parker,Silent Sarey,,,
Doctor Sleep (2019),https://www.imdb.com/title/tt5606664/?ref_=inth_ov_tt,Drama,151 min,Mike Flanagan,https://www.imdb.com/name/nm1093039/?ref_=inth_ov_nm,"Stars: Ewan McGregor, Rebecca Ferguson, Kyliegh Curran, Cliff Curtis",James Flanagan,Diesel Doug,,,
Doctor Sleep (2019),https://www.imdb.com/title/tt5606664/?ref_=inth_ov_tt,Drama,151 min,Mike Flanagan,https://www.imdb.com/name/nm1093039/?ref_=inth_ov_nm,"Stars: Ewan McGregor, Rebecca Ferguson, Kyliegh Curran, Cliff Curtis",Met Clark,Short Eddie,,,
Doctor Sleep (2019),https://www.imdb.com/title/tt5606664/?ref_=inth_ov_tt,Drama,151 min,Mike Flanagan,https://www.imdb.com/name/nm1093039/?ref_=inth_ov_nm,"Stars: Ewan McGregor, Rebecca Ferguson, Kyliegh Curran, Cliff Curtis",Zackary Momoh,David Stone,,,
Doctor Sleep (2019),https://www.imdb.com/title/tt5606664/?ref_=inth_ov_tt,Drama,151 min,Mike Flanagan,https://www.imdb.com/name/nm1093039/?ref_=inth_ov_nm,"Stars: Ewan McGregor, Rebecca Ferguson, Kyliegh Curran, Cliff Curtis",Jocelin Donahue,Lucy Stone,,,
Doctor Sleep (2019),https://www.imdb.com/title/tt5606664/?ref_=inth_ov_tt,Drama,151 min,Mike Flanagan,https://www.imdb.com/name/nm1093039/?ref_=inth_ov_nm,"Stars: Ewan McGregor, Rebecca Ferguson, Kyliegh Curran, Cliff Curtis",Dakota Hickman,Young Abra,,,
Last Christmas (2019),https://www.imdb.com/title/tt8623904/?ref_=inth_ov_tt,Comedy,102 min,Paul Feig,https://www.imdb.com/name/nm0082450/?ref_=inth_ov_nm,"Stars: Madison Ingoldsby, Emma Thompson, Boris Isakovic, Lucy Miller",Madison Ingoldsby,Young Kate,,,
Last Christmas (2019),https://www.imdb.com/title/tt8623904/?ref_=inth_ov_tt,Comedy,102 min,Paul Feig,https://www.imdb.com/name/nm0082450/?ref_=inth_ov_nm,"Stars: Madison Ingoldsby, Emma Thompson, Boris Isakovic, Lucy Miller",Emma Thompson,Petra,,,
Last Christmas (2019),https://www.imdb.com/title/tt8623904/?ref_=inth_ov_tt,Comedy,102 min,Paul Feig,https://www.imdb.com/name/nm0082450/?ref_=inth_ov_nm,"Stars: Madison Ingoldsby, Emma Thompson, Boris Isakovic, Lucy Miller",Boris Isakovic,Ivan,,,
Last Christmas (2019),https://www.imdb.com/title/tt8623904/?ref_=inth_ov_tt,Comedy,102 min,Paul Feig,https://www.imdb.com/name/nm0082450/?ref_=inth_ov_nm,"Stars: Madison Ingoldsby, Emma Thompson, Boris Isakovic, Lucy Miller",Lucy Miller,Young Marta,,,
Last Christmas (2019),https://www.imdb.com/title/tt8623904/?ref_=inth_ov_tt,Comedy,102 min,Paul Feig,https://www.imdb.com/name/nm0082450/?ref_=inth_ov_nm,"Stars: Madison Ingoldsby, Emma Thompson, Boris Isakovic, Lucy Miller",Emilia Clarke,Kate,,,
Last Christmas (2019),https://www.imdb.com/title/tt8623904/?ref_=inth_ov_tt,Comedy,102 min,Paul Feig,https://www.imdb.com/name/nm0082450/?ref_=inth_ov_nm,"Stars: Madison Ingoldsby, Emma Thompson, Boris Isakovic, Lucy Miller",Maxim Baldry,Ed,,,
Last Christmas (2019),https://www.imdb.com/title/tt8623904/?ref_=inth_ov_tt,Comedy,102 min,Paul Feig,https://www.imdb.com/name/nm0082450/?ref_=inth_ov_nm,"Stars: Madison Ingoldsby, Emma Thompson, Boris Isakovic, Lucy Miller",Margaret Clunie,Shower Sarah,,,
Last Christmas (2019),https://www.imdb.com/title/tt8623904/?ref_=inth_ov_tt,Comedy,102 min,Paul Feig,https://www.imdb.com/name/nm0082450/?ref_=inth_ov_nm,"Stars: Madison Ingoldsby, Emma Thompson, Boris Isakovic, Lucy Miller",John-Luke Roberts,Klaus the German Clown,,,
Last Christmas (2019),https://www.imdb.com/title/tt8623904/?ref_=inth_ov_tt,Comedy,102 min,Paul Feig,https://www.imdb.com/name/nm0082450/?ref_=inth_ov_nm,"Stars: Madison Ingoldsby, Emma Thompson, Boris Isakovic, Lucy Miller",Michelle Yeoh,Santa,,,
Last Christmas (2019),https://www.imdb.com/title/tt8623904/?ref_=inth_ov_tt,Comedy,102 min,Paul Feig,https://www.imdb.com/name/nm0082450/?ref_=inth_ov_nm,"Stars: Madison Ingoldsby, Emma Thompson, Boris Isakovic, Lucy Miller",Bilal Zafar,Oscar,,,
Last Christmas (2019),https://www.imdb.com/title/tt8623904/?ref_=inth_ov_tt,Comedy,102 min,Paul Feig,https://www.imdb.com/name/nm0082450/?ref_=inth_ov_nm,"Stars: Madison Ingoldsby, Emma Thompson, Boris Isakovic, Lucy Miller",Patti LuPone,Joyce,,,
Last Christmas (2019),https://www.imdb.com/title/tt8623904/?ref_=inth_ov_tt,Comedy,102 min,Paul Feig,https://www.imdb.com/name/nm0082450/?ref_=inth_ov_nm,"Stars: Madison Ingoldsby, Emma Thompson, Boris Isakovic, Lucy Miller",Lydia Leonard,Marta,,,
Last Christmas (2019),https://www.imdb.com/title/tt8623904/?ref_=inth_ov_tt,Comedy,102 min,Paul Feig,https://www.imdb.com/name/nm0082450/?ref_=inth_ov_nm,"Stars: Madison Ingoldsby, Emma Thompson, Boris Isakovic, Lucy Miller",Henry Golding,Tom,,,
Last Christmas (2019),https://www.imdb.com/title/tt8623904/?ref_=inth_ov_tt,Comedy,102 min,Paul Feig,https://www.imdb.com/name/nm0082450/?ref_=inth_ov_nm,"Stars: Madison Ingoldsby, Emma Thompson, Boris Isakovic, Lucy Miller",Michael Addo,Fit Looking Guy,,,
Last Christmas (2019),https://www.imdb.com/title/tt8623904/?ref_=inth_ov_tt,Comedy,102 min,Paul Feig,https://www.imdb.com/name/nm0082450/?ref_=inth_ov_nm,"Stars: Madison Ingoldsby, Emma Thompson, Boris Isakovic, Lucy Miller",Peter Mygind,The Dane aka 'Boy',,,
Midway (2019),https://www.imdb.com/title/tt6924650/?ref_=inth_ov_tt,Action,138 min,Roland Emmerich,https://www.imdb.com/name/nm0000386/?ref_=inth_ov_nm,"Stars: Ed Skrein, Patrick Wilson, Woody Harrelson, Luke Evans",Ed Skrein,Dick Best,,,
Midway (2019),https://www.imdb.com/title/tt6924650/?ref_=inth_ov_tt,Action,138 min,Roland Emmerich,https://www.imdb.com/name/nm0000386/?ref_=inth_ov_nm,"Stars: Ed Skrein, Patrick Wilson, Woody Harrelson, Luke Evans",Patrick Wilson,Edwin Layton,,,
Midway (2019),https://www.imdb.com/title/tt6924650/?ref_=inth_ov_tt,Action,138 min,Roland Emmerich,https://www.imdb.com/name/nm0000386/?ref_=inth_ov_nm,"Stars: Ed Skrein, Patrick Wilson, Woody Harrelson, Luke Evans",Woody Harrelson,Chester W. Nimitz,,,
Midway (2019),https://www.imdb.com/title/tt6924650/?ref_=inth_ov_tt,Action,138 min,Roland Emmerich,https://www.imdb.com/name/nm0000386/?ref_=inth_ov_nm,"Stars: Ed Skrein, Patrick Wilson, Woody Harrelson, Luke Evans",Luke Evans,Wade McClusky,,,
Midway (2019),https://www.imdb.com/title/tt6924650/?ref_=inth_ov_tt,Action,138 min,Roland Emmerich,https://www.imdb.com/name/nm0000386/?ref_=inth_ov_nm,"Stars: Ed Skrein, Patrick Wilson, Woody Harrelson, Luke Evans",Mandy Moore,Ann Best,,,
Midway (2019),https://www.imdb.com/title/tt6924650/?ref_=inth_ov_tt,Action,138 min,Roland Emmerich,https://www.imdb.com/name/nm0000386/?ref_=inth_ov_nm,"Stars: Ed Skrein, Patrick Wilson, Woody Harrelson, Luke Evans",Luke Kleintank,Clarence Dickinson,,,
Midway (2019),https://www.imdb.com/title/tt6924650/?ref_=inth_ov_tt,Action,138 min,Roland Emmerich,https://www.imdb.com/name/nm0000386/?ref_=inth_ov_nm,"Stars: Ed Skrein, Patrick Wilson, Woody Harrelson, Luke Evans",Dennis Quaid,William 'Bull' Halsey,,,
Midway (2019),https://www.imdb.com/title/tt6924650/?ref_=inth_ov_tt,Action,138 min,Roland Emmerich,https://www.imdb.com/name/nm0000386/?ref_=inth_ov_nm,"Stars: Ed Skrein, Patrick Wilson, Woody Harrelson, Luke Evans",Aaron Eckhart,Jimmy Doolittle,,,
Midway (2019),https://www.imdb.com/title/tt6924650/?ref_=inth_ov_tt,Action,138 min,Roland Emmerich,https://www.imdb.com/name/nm0000386/?ref_=inth_ov_nm,"Stars: Ed Skrein, Patrick Wilson, Woody Harrelson, Luke Evans",Keean Johnson,James Murray,,,
Midway (2019),https://www.imdb.com/title/tt6924650/?ref_=inth_ov_tt,Action,138 min,Roland Emmerich,https://www.imdb.com/name/nm0000386/?ref_=inth_ov_nm,"Stars: Ed Skrein, Patrick Wilson, Woody Harrelson, Luke Evans",Nick Jonas,Bruno Gaido,,,
Midway (2019),https://www.imdb.com/title/tt6924650/?ref_=inth_ov_tt,Action,138 min,Roland Emmerich,https://www.imdb.com/name/nm0000386/?ref_=inth_ov_nm,"Stars: Ed Skrein, Patrick Wilson, Woody Harrelson, Luke Evans",Etsushi Toyokawa,Isoroku Yamamoto,,,
Midway (2019),https://www.imdb.com/title/tt6924650/?ref_=inth_ov_tt,Action,138 min,Roland Emmerich,https://www.imdb.com/name/nm0000386/?ref_=inth_ov_nm,"Stars: Ed Skrein, Patrick Wilson, Woody Harrelson, Luke Evans",Tadanobu Asano,Tamon Yamaguchi,,,
Midway (2019),https://www.imdb.com/title/tt6924650/?ref_=inth_ov_tt,Action,138 min,Roland Emmerich,https://www.imdb.com/name/nm0000386/?ref_=inth_ov_nm,"Stars: Ed Skrein, Patrick Wilson, Woody Harrelson, Luke Evans",Darren Criss,Eugene Lindsey,,,
Midway (2019),https://www.imdb.com/title/tt6924650/?ref_=inth_ov_tt,Action,138 min,Roland Emmerich,https://www.imdb.com/name/nm0000386/?ref_=inth_ov_nm,"Stars: Ed Skrein, Patrick Wilson, Woody Harrelson, Luke Evans",Brandon Sklenar,George 'Tex' Gay,,,
Midway (2019),https://www.imdb.com/title/tt6924650/?ref_=inth_ov_tt,Action,138 min,Roland Emmerich,https://www.imdb.com/name/nm0000386/?ref_=inth_ov_nm,"Stars: Ed Skrein, Patrick Wilson, Woody Harrelson, Luke Evans",Jake Manley,Willie West,,,
Honey Boy (2019),https://www.imdb.com/title/tt8151874/?ref_=inth_ov_tt,Drama,94 min,Alma Har'el,https://www.imdb.com/name/nm2776774/?ref_=inth_ov_nm,"Stars: Shia LaBeouf, Lucas Hedges, Noah Jupe, Byron Bowers",Shia LaBeouf,James Lort,,,
Honey Boy (2019),https://www.imdb.com/title/tt8151874/?ref_=inth_ov_tt,Drama,94 min,Alma Har'el,https://www.imdb.com/name/nm2776774/?ref_=inth_ov_nm,"Stars: Shia LaBeouf, Lucas Hedges, Noah Jupe, Byron Bowers",Lucas Hedges,Otis (22),,,
Honey Boy (2019),https://www.imdb.com/title/tt8151874/?ref_=inth_ov_tt,Drama,94 min,Alma Har'el,https://www.imdb.com/name/nm2776774/?ref_=inth_ov_nm,"Stars: Shia LaBeouf, Lucas Hedges, Noah Jupe, Byron Bowers",Noah Jupe,Otis (12),,,
Honey Boy (2019),https://www.imdb.com/title/tt8151874/?ref_=inth_ov_tt,Drama,94 min,Alma Har'el,https://www.imdb.com/name/nm2776774/?ref_=inth_ov_nm,"Stars: Shia LaBeouf, Lucas Hedges, Noah Jupe, Byron Bowers",Byron Bowers,Percy,,,
Honey Boy (2019),https://www.imdb.com/title/tt8151874/?ref_=inth_ov_tt,Drama,94 min,Alma Har'el,https://www.imdb.com/name/nm2776774/?ref_=inth_ov_nm,"Stars: Shia LaBeouf, Lucas Hedges, Noah Jupe, Byron Bowers",Laura San Giacomo,Dr. Moreno,,,
Honey Boy (2019),https://www.imdb.com/title/tt8151874/?ref_=inth_ov_tt,Drama,94 min,Alma Har'el,https://www.imdb.com/name/nm2776774/?ref_=inth_ov_nm,"Stars: Shia LaBeouf, Lucas Hedges, Noah Jupe, Byron Bowers",FKA Twigs,Shy Girl,,,
Honey Boy (2019),https://www.imdb.com/title/tt8151874/?ref_=inth_ov_tt,Drama,94 min,Alma Har'el,https://www.imdb.com/name/nm2776774/?ref_=inth_ov_nm,"Stars: Shia LaBeouf, Lucas Hedges, Noah Jupe, Byron Bowers",Natasha Lyonne,Mom,,,
Honey Boy (2019),https://www.imdb.com/title/tt8151874/?ref_=inth_ov_tt,Drama,94 min,Alma Har'el,https://www.imdb.com/name/nm2776774/?ref_=inth_ov_nm,"Stars: Shia LaBeouf, Lucas Hedges, Noah Jupe, Byron Bowers",Maika Monroe,Sandra,,,
Honey Boy (2019),https://www.imdb.com/title/tt8151874/?ref_=inth_ov_tt,Drama,94 min,Alma Har'el,https://www.imdb.com/name/nm2776774/?ref_=inth_ov_nm,"Stars: Shia LaBeouf, Lucas Hedges, Noah Jupe, Byron Bowers",Clifton Collins Jr.,Tom,,,
Honey Boy (2019),https://www.imdb.com/title/tt8151874/?ref_=inth_ov_tt,Drama,94 min,Alma Har'el,https://www.imdb.com/name/nm2776774/?ref_=inth_ov_nm,"Stars: Shia LaBeouf, Lucas Hedges, Noah Jupe, Byron Bowers",Mario Ponce,Tiny,,,
Honey Boy (2019),https://www.imdb.com/title/tt8151874/?ref_=inth_ov_tt,Drama,94 min,Alma Har'el,https://www.imdb.com/name/nm2776774/?ref_=inth_ov_nm,"Stars: Shia LaBeouf, Lucas Hedges, Noah Jupe, Byron Bowers",Martin Starr,Alec,,,
Honey Boy (2019),https://www.imdb.com/title/tt8151874/?ref_=inth_ov_tt,Drama,94 min,Alma Har'el,https://www.imdb.com/name/nm2776774/?ref_=inth_ov_nm,"Stars: Shia LaBeouf, Lucas Hedges, Noah Jupe, Byron Bowers",Haylee Sanchez,Working Girl 1,,,
Honey Boy (2019),https://www.imdb.com/title/tt8151874/?ref_=inth_ov_tt,Drama,94 min,Alma Har'el,https://www.imdb.com/name/nm2776774/?ref_=inth_ov_nm,"Stars: Shia LaBeouf, Lucas Hedges, Noah Jupe, Byron Bowers",Giovanni Lopes,Rehab Nurse,,,
Honey Boy (2019),https://www.imdb.com/title/tt8151874/?ref_=inth_ov_tt,Drama,94 min,Alma Har'el,https://www.imdb.com/name/nm2776774/?ref_=inth_ov_nm,"Stars: Shia LaBeouf, Lucas Hedges, Noah Jupe, Byron Bowers",Dorian Brown Pham,Pam (as Dorian Pham),,,
Honey Boy (2019),https://www.imdb.com/title/tt8151874/?ref_=inth_ov_tt,Drama,94 min,Alma Har'el,https://www.imdb.com/name/nm2776774/?ref_=inth_ov_nm,"Stars: Shia LaBeouf, Lucas Hedges, Noah Jupe, Byron Bowers",Greta Jung,AD,,,
The Kingmaker (2019),https://www.imdb.com/title/tt5105734/?ref_=inth_ov_tt,Documentary,101 min,Lauren Greenfield,https://www.imdb.com/name/nm1132362/?ref_=inth_ov_nm,"Stars: Andres Bautista, Ferdinand Marcos Jr., Imee Marcos, Imelda Marcos",Andres Bautista,Himself,,,
The Kingmaker (2019),https://www.imdb.com/title/tt5105734/?ref_=inth_ov_tt,Documentary,101 min,Lauren Greenfield,https://www.imdb.com/name/nm1132362/?ref_=inth_ov_nm,"Stars: Andres Bautista, Ferdinand Marcos Jr., Imee Marcos, Imelda Marcos",Ferdinand Marcos Jr.,Himself,,,
The Kingmaker (2019),https://www.imdb.com/title/tt5105734/?ref_=inth_ov_tt,Documentary,101 min,Lauren Greenfield,https://www.imdb.com/name/nm1132362/?ref_=inth_ov_nm,"Stars: Andres Bautista, Ferdinand Marcos Jr., Imee Marcos, Imelda Marcos",Imee Marcos,Herself,,,
The Kingmaker (2019),https://www.imdb.com/title/tt5105734/?ref_=inth_ov_tt,Documentary,101 min,Lauren Greenfield,https://www.imdb.com/name/nm1132362/?ref_=inth_ov_nm,"Stars: Andres Bautista, Ferdinand Marcos Jr., Imee Marcos, Imelda Marcos",Imelda Marcos,Herself,,,
Playing with Fire (2019),https://www.imdb.com/title/tt9134216/?ref_=inth_ov_tt,Comedy,96 min,Andy Fickman,https://www.imdb.com/name/nm0275698/?ref_=inth_ov_nm,"Stars: John Cena, Keegan-Michael Key, John Leguizamo, Brianna Hildebrand",John Cena,Jake Carson,,,
Playing with Fire (2019),https://www.imdb.com/title/tt9134216/?ref_=inth_ov_tt,Comedy,96 min,Andy Fickman,https://www.imdb.com/name/nm0275698/?ref_=inth_ov_nm,"Stars: John Cena, Keegan-Michael Key, John Leguizamo, Brianna Hildebrand",Keegan-Michael Key,Mark,,,
Playing with Fire (2019),https://www.imdb.com/title/tt9134216/?ref_=inth_ov_tt,Comedy,96 min,Andy Fickman,https://www.imdb.com/name/nm0275698/?ref_=inth_ov_nm,"Stars: John Cena, Keegan-Michael Key, John Leguizamo, Brianna Hildebrand",John Leguizamo,Rodrigo,,,
Playing with Fire (2019),https://www.imdb.com/title/tt9134216/?ref_=inth_ov_tt,Comedy,96 min,Andy Fickman,https://www.imdb.com/name/nm0275698/?ref_=inth_ov_nm,"Stars: John Cena, Keegan-Michael Key, John Leguizamo, Brianna Hildebrand",Brianna Hildebrand,Brynn,,,
Playing with Fire (2019),https://www.imdb.com/title/tt9134216/?ref_=inth_ov_tt,Comedy,96 min,Andy Fickman,https://www.imdb.com/name/nm0275698/?ref_=inth_ov_nm,"Stars: John Cena, Keegan-Michael Key, John Leguizamo, Brianna Hildebrand",Christian Convery,Will,,,
Playing with Fire (2019),https://www.imdb.com/title/tt9134216/?ref_=inth_ov_tt,Comedy,96 min,Andy Fickman,https://www.imdb.com/name/nm0275698/?ref_=inth_ov_nm,"Stars: John Cena, Keegan-Michael Key, John Leguizamo, Brianna Hildebrand",Finley Rose Slater,Zoey,,,
Playing with Fire (2019),https://www.imdb.com/title/tt9134216/?ref_=inth_ov_tt,Comedy,96 min,Andy Fickman,https://www.imdb.com/name/nm0275698/?ref_=inth_ov_nm,"Stars: John Cena, Keegan-Michael Key, John Leguizamo, Brianna Hildebrand",Judy Greer,Dr. Amy Hicks,,,
Playing with Fire (2019),https://www.imdb.com/title/tt9134216/?ref_=inth_ov_tt,Comedy,96 min,Andy Fickman,https://www.imdb.com/name/nm0275698/?ref_=inth_ov_nm,"Stars: John Cena, Keegan-Michael Key, John Leguizamo, Brianna Hildebrand",Dennis Haysbert,Commander Richards,,,
Playing with Fire (2019),https://www.imdb.com/title/tt9134216/?ref_=inth_ov_tt,Comedy,96 min,Andy Fickman,https://www.imdb.com/name/nm0275698/?ref_=inth_ov_nm,"Stars: John Cena, Keegan-Michael Key, John Leguizamo, Brianna Hildebrand",Tommy Europe,Burly Smoke Jumper #2,,,
Playing with Fire (2019),https://www.imdb.com/title/tt9134216/?ref_=inth_ov_tt,Comedy,96 min,Andy Fickman,https://www.imdb.com/name/nm0275698/?ref_=inth_ov_nm,"Stars: John Cena, Keegan-Michael Key, John Leguizamo, Brianna Hildebrand",Chris Webb,Burly Smoke Jumper #3,,,
Playing with Fire (2019),https://www.imdb.com/title/tt9134216/?ref_=inth_ov_tt,Comedy,96 min,Andy Fickman,https://www.imdb.com/name/nm0275698/?ref_=inth_ov_nm,"Stars: John Cena, Keegan-Michael Key, John Leguizamo, Brianna Hildebrand",Brad Kelly,Burly Smoke Jumper #4,,,
Playing with Fire (2019),https://www.imdb.com/title/tt9134216/?ref_=inth_ov_tt,Comedy,96 min,Andy Fickman,https://www.imdb.com/name/nm0275698/?ref_=inth_ov_nm,"Stars: John Cena, Keegan-Michael Key, John Leguizamo, Brianna Hildebrand",Jessica Garcie,Scared Mom,,,
Playing with Fire (2019),https://www.imdb.com/title/tt9134216/?ref_=inth_ov_tt,Comedy,96 min,Andy Fickman,https://www.imdb.com/name/nm0275698/?ref_=inth_ov_nm,"Stars: John Cena, Keegan-Michael Key, John Leguizamo, Brianna Hildebrand",Kurt Long,Scared Dad,,,
Playing with Fire (2019),https://www.imdb.com/title/tt9134216/?ref_=inth_ov_tt,Comedy,96 min,Andy Fickman,https://www.imdb.com/name/nm0275698/?ref_=inth_ov_nm,"Stars: John Cena, Keegan-Michael Key, John Leguizamo, Brianna Hildebrand",Nova Ryzen Smith,Little Boy,,,
Playing with Fire (2019),https://www.imdb.com/title/tt9134216/?ref_=inth_ov_tt,Comedy,96 min,Andy Fickman,https://www.imdb.com/name/nm0275698/?ref_=inth_ov_nm,"Stars: John Cena, Keegan-Michael Key, John Leguizamo, Brianna Hildebrand",Latonya Williams,Young Mom,,,
Arctic Dogs (2019),https://www.imdb.com/title/tt4426464/?ref_=inth_ov_tt,Animation,92 min,Aaron Woodley,https://www.imdb.com/name/nm0005616/?ref_=inth_ov_nm,"Stars: Jeremy Renner, Heidi Klum, James Franco, John Cleese",Jeremy Renner,Swifty (voice),,,
Arctic Dogs (2019),https://www.imdb.com/title/tt4426464/?ref_=inth_ov_tt,Animation,92 min,Aaron Woodley,https://www.imdb.com/name/nm0005616/?ref_=inth_ov_nm,"Stars: Jeremy Renner, Heidi Klum, James Franco, John Cleese",Heidi Klum,Jade / Bertha (voice),,,
Arctic Dogs (2019),https://www.imdb.com/title/tt4426464/?ref_=inth_ov_tt,Animation,92 min,Aaron Woodley,https://www.imdb.com/name/nm0005616/?ref_=inth_ov_nm,"Stars: Jeremy Renner, Heidi Klum, James Franco, John Cleese",James Franco,Lemmy (voice),,,
Arctic Dogs (2019),https://www.imdb.com/title/tt4426464/?ref_=inth_ov_tt,Animation,92 min,Aaron Woodley,https://www.imdb.com/name/nm0005616/?ref_=inth_ov_nm,"Stars: Jeremy Renner, Heidi Klum, James Franco, John Cleese",John Cleese,Otto Von Walrus (voice),,,
Arctic Dogs (2019),https://www.imdb.com/title/tt4426464/?ref_=inth_ov_tt,Animation,92 min,Aaron Woodley,https://www.imdb.com/name/nm0005616/?ref_=inth_ov_nm,"Stars: Jeremy Renner, Heidi Klum, James Franco, John Cleese",Omar Sy,Leopold (voice),,,
Arctic Dogs (2019),https://www.imdb.com/title/tt4426464/?ref_=inth_ov_tt,Animation,92 min,Aaron Woodley,https://www.imdb.com/name/nm0005616/?ref_=inth_ov_nm,"Stars: Jeremy Renner, Heidi Klum, James Franco, John Cleese",Laurie Holden,Dakota (voice),,,
Arctic Dogs (2019),https://www.imdb.com/title/tt4426464/?ref_=inth_ov_tt,Animation,92 min,Aaron Woodley,https://www.imdb.com/name/nm0005616/?ref_=inth_ov_nm,"Stars: Jeremy Renner, Heidi Klum, James Franco, John Cleese",Anjelica Huston,Magda (voice),,,
Arctic Dogs (2019),https://www.imdb.com/title/tt4426464/?ref_=inth_ov_tt,Animation,92 min,Aaron Woodley,https://www.imdb.com/name/nm0005616/?ref_=inth_ov_nm,"Stars: Jeremy Renner, Heidi Klum, James Franco, John Cleese",Alec Baldwin,PB (voice),,,
Arctic Dogs (2019),https://www.imdb.com/title/tt4426464/?ref_=inth_ov_tt,Animation,92 min,Aaron Woodley,https://www.imdb.com/name/nm0005616/?ref_=inth_ov_nm,"Stars: Jeremy Renner, Heidi Klum, James Franco, John Cleese",Donny Falsetti,Dusty (voice),,,
Arctic Dogs (2019),https://www.imdb.com/title/tt4426464/?ref_=inth_ov_tt,Animation,92 min,Aaron Woodley,https://www.imdb.com/name/nm0005616/?ref_=inth_ov_nm,"Stars: Jeremy Renner, Heidi Klum, James Franco, John Cleese",Soraya Azzabi,Alma (voice),,,
Arctic Dogs (2019),https://www.imdb.com/title/tt4426464/?ref_=inth_ov_tt,Animation,92 min,Aaron Woodley,https://www.imdb.com/name/nm0005616/?ref_=inth_ov_nm,"Stars: Jeremy Renner, Heidi Klum, James Franco, John Cleese",Susan Spano,Mary (voice),,,
Arctic Dogs (2019),https://www.imdb.com/title/tt4426464/?ref_=inth_ov_tt,Animation,92 min,Aaron Woodley,https://www.imdb.com/name/nm0005616/?ref_=inth_ov_nm,"Stars: Jeremy Renner, Heidi Klum, James Franco, John Cleese",Jason Deline,Naz (voice),,,
Arctic Dogs (2019),https://www.imdb.com/title/tt4426464/?ref_=inth_ov_tt,Animation,92 min,Aaron Woodley,https://www.imdb.com/name/nm0005616/?ref_=inth_ov_nm,"Stars: Jeremy Renner, Heidi Klum, James Franco, John Cleese",Nicolette Bonafede,Marta (voice),,,
Arctic Dogs (2019),https://www.imdb.com/title/tt4426464/?ref_=inth_ov_tt,Animation,92 min,Aaron Woodley,https://www.imdb.com/name/nm0005616/?ref_=inth_ov_nm,"Stars: Jeremy Renner, Heidi Klum, James Franco, John Cleese",Nina Senicar,Abby (voice),,,
Arctic Dogs (2019),https://www.imdb.com/title/tt4426464/?ref_=inth_ov_tt,Animation,92 min,Aaron Woodley,https://www.imdb.com/name/nm0005616/?ref_=inth_ov_nm,"Stars: Jeremy Renner, Heidi Klum, James Franco, John Cleese",Giulia Gorietti,Ebba (voice) (as Giulia Elettra Gorietti),,,
Mr. Toilet: The World's #2 Man (2019),https://www.imdb.com/title/tt10263296/?ref_=inth_ov_tt,Documentary,87 min,Lily Zepeda,https://www.imdb.com/name/nm8425569/?ref_=inth_ov_nm,Stars: Jack Sim,Jack Sim,Himself - Mr. Toilet,,,
Better Days (2019),https://www.imdb.com/title/tt9586294/?ref_=inth_ov_tt,Drama,135 min,Derek Tsang,https://www.imdb.com/name/nm1229124/?ref_=inth_ov_nm,"Stars: Dongyu Zhou, Jackson Yee, Fang Yin, Jue Huang",Dongyu Zhou,Chen Nian,,,
Better Days (2019),https://www.imdb.com/title/tt9586294/?ref_=inth_ov_tt,Drama,135 min,Derek Tsang,https://www.imdb.com/name/nm1229124/?ref_=inth_ov_nm,"Stars: Dongyu Zhou, Jackson Yee, Fang Yin, Jue Huang",Jackson Yee,Xiao Bei,,,
Better Days (2019),https://www.imdb.com/title/tt9586294/?ref_=inth_ov_tt,Drama,135 min,Derek Tsang,https://www.imdb.com/name/nm1229124/?ref_=inth_ov_nm,"Stars: Dongyu Zhou, Jackson Yee, Fang Yin, Jue Huang",Fang Yin,Zheng Yi,,,
Better Days (2019),https://www.imdb.com/title/tt9586294/?ref_=inth_ov_tt,Drama,135 min,Derek Tsang,https://www.imdb.com/name/nm1229124/?ref_=inth_ov_nm,"Stars: Dongyu Zhou, Jackson Yee, Fang Yin, Jue Huang",Jue Huang,Lao Yang,,,
Better Days (2019),https://www.imdb.com/title/tt9586294/?ref_=inth_ov_tt,Drama,135 min,Derek Tsang,https://www.imdb.com/name/nm1229124/?ref_=inth_ov_nm,"Stars: Dongyu Zhou, Jackson Yee, Fang Yin, Jue Huang",Lüyun Heliao,,,,
Better Days (2019),https://www.imdb.com/title/tt9586294/?ref_=inth_ov_tt,Drama,135 min,Derek Tsang,https://www.imdb.com/name/nm1229124/?ref_=inth_ov_nm,"Stars: Dongyu Zhou, Jackson Yee, Fang Yin, Jue Huang",Ran Liu,,,,
Better Days (2019),https://www.imdb.com/title/tt9586294/?ref_=inth_ov_tt,Drama,135 min,Derek Tsang,https://www.imdb.com/name/nm1229124/?ref_=inth_ov_nm,"Stars: Dongyu Zhou, Jackson Yee, Fang Yin, Jue Huang",Junlin Luo,,,,
Better Days (2019),https://www.imdb.com/title/tt9586294/?ref_=inth_ov_tt,Drama,135 min,Derek Tsang,https://www.imdb.com/name/nm1229124/?ref_=inth_ov_nm,"Stars: Dongyu Zhou, Jackson Yee, Fang Yin, Jue Huang",Yue Wu,Zhou Lei,,,
Better Days (2019),https://www.imdb.com/title/tt9586294/?ref_=inth_ov_tt,Drama,135 min,Derek Tsang,https://www.imdb.com/name/nm1229124/?ref_=inth_ov_nm,"Stars: Dongyu Zhou, Jackson Yee, Fang Yin, Jue Huang",Xinyi Zhang,,,,
Better Days (2019),https://www.imdb.com/title/tt9586294/?ref_=inth_ov_tt,Drama,135 min,Derek Tsang,https://www.imdb.com/name/nm1229124/?ref_=inth_ov_nm,"Stars: Dongyu Zhou, Jackson Yee, Fang Yin, Jue Huang",Yao Zhang,Li Xiang,,,
Better Days (2019),https://www.imdb.com/title/tt9586294/?ref_=inth_ov_tt,Drama,135 min,Derek Tsang,https://www.imdb.com/name/nm1229124/?ref_=inth_ov_nm,"Stars: Dongyu Zhou, Jackson Yee, Fang Yin, Jue Huang",Yifan Zhang,Hu Xiaodie,,,
Better Days (2019),https://www.imdb.com/title/tt9586294/?ref_=inth_ov_tt,Drama,135 min,Derek Tsang,https://www.imdb.com/name/nm1229124/?ref_=inth_ov_nm,"Stars: Dongyu Zhou, Jackson Yee, Fang Yin, Jue Huang",Runnan Zhao,Da Kang,,,
Better Days (2019),https://www.imdb.com/title/tt9586294/?ref_=inth_ov_tt,Drama,135 min,Derek Tsang,https://www.imdb.com/name/nm1229124/?ref_=inth_ov_nm,"Stars: Dongyu Zhou, Jackson Yee, Fang Yin, Jue Huang",Ye Zhou,Wei Lai,,,
Terminator: Dark Fate (2019),https://www.imdb.com/title/tt6450804/?ref_=inth_ov_tt,Action,128 min,Tim Miller,https://www.imdb.com/name/nm1783265/?ref_=inth_ov_nm,"Stars: Linda Hamilton, Arnold Schwarzenegger, Mackenzie Davis, Natalia Reyes",Linda Hamilton,Sarah Connor,In Theaters Now - Box Office Top Ten,6.5,
Terminator: Dark Fate (2019),https://www.imdb.com/title/tt6450804/?ref_=inth_ov_tt,Action,128 min,Tim Miller,https://www.imdb.com/name/nm1783265/?ref_=inth_ov_nm,"Stars: Linda Hamilton, Arnold Schwarzenegger, Mackenzie Davis, Natalia Reyes",Arnold Schwarzenegger,T-800 / Carl,In Theaters Now - Box Office Top Ten,6.5,
Terminator: Dark Fate (2019),https://www.imdb.com/title/tt6450804/?ref_=inth_ov_tt,Action,128 min,Tim Miller,https://www.imdb.com/name/nm1783265/?ref_=inth_ov_nm,"Stars: Linda Hamilton, Arnold Schwarzenegger, Mackenzie Davis, Natalia Reyes",Mackenzie Davis,Grace,In Theaters Now - Box Office Top Ten,6.5,
Terminator: Dark Fate (2019),https://www.imdb.com/title/tt6450804/?ref_=inth_ov_tt,Action,128 min,Tim Miller,https://www.imdb.com/name/nm1783265/?ref_=inth_ov_nm,"Stars: Linda Hamilton, Arnold Schwarzenegger, Mackenzie Davis, Natalia Reyes",Natalia Reyes,Dani Ramos,In Theaters Now - Box Office Top Ten,6.5,
Terminator: Dark Fate (2019),https://www.imdb.com/title/tt6450804/?ref_=inth_ov_tt,Action,128 min,Tim Miller,https://www.imdb.com/name/nm1783265/?ref_=inth_ov_nm,"Stars: Linda Hamilton, Arnold Schwarzenegger, Mackenzie Davis, Natalia Reyes",Gabriel Luna,Gabriel / REV-9,In Theaters Now - Box Office Top Ten,6.5,
Terminator: Dark Fate (2019),https://www.imdb.com/title/tt6450804/?ref_=inth_ov_tt,Action,128 min,Tim Miller,https://www.imdb.com/name/nm1783265/?ref_=inth_ov_nm,"Stars: Linda Hamilton, Arnold Schwarzenegger, Mackenzie Davis, Natalia Reyes",Diego Boneta,Diego Ramos,In Theaters Now - Box Office Top Ten,6.5,
Terminator: Dark Fate (2019),https://www.imdb.com/title/tt6450804/?ref_=inth_ov_tt,Action,128 min,Tim Miller,https://www.imdb.com/name/nm1783265/?ref_=inth_ov_nm,"Stars: Linda Hamilton, Arnold Schwarzenegger, Mackenzie Davis, Natalia Reyes",Ferran Fernández,Flacco,In Theaters Now - Box Office Top Ten,6.5,
Terminator: Dark Fate (2019),https://www.imdb.com/title/tt6450804/?ref_=inth_ov_tt,Action,128 min,Tim Miller,https://www.imdb.com/name/nm1783265/?ref_=inth_ov_nm,"Stars: Linda Hamilton, Arnold Schwarzenegger, Mackenzie Davis, Natalia Reyes",Tristán Ulloa,Felipe Gandal,In Theaters Now - Box Office Top Ten,6.5,
Terminator: Dark Fate (2019),https://www.imdb.com/title/tt6450804/?ref_=inth_ov_tt,Action,128 min,Tim Miller,https://www.imdb.com/name/nm1783265/?ref_=inth_ov_nm,"Stars: Linda Hamilton, Arnold Schwarzenegger, Mackenzie Davis, Natalia Reyes",Tomy Alvarez,Lucas / Floor Guard,In Theaters Now - Box Office Top Ten,6.5,
Terminator: Dark Fate (2019),https://www.imdb.com/title/tt6450804/?ref_=inth_ov_tt,Action,128 min,Tim Miller,https://www.imdb.com/name/nm1783265/?ref_=inth_ov_nm,"Stars: Linda Hamilton, Arnold Schwarzenegger, Mackenzie Davis, Natalia Reyes",Tom Hopper,William Hadrell,In Theaters Now - Box Office Top Ten,6.5,
Terminator: Dark Fate (2019),https://www.imdb.com/title/tt6450804/?ref_=inth_ov_tt,Action,128 min,Tim Miller,https://www.imdb.com/name/nm1783265/?ref_=inth_ov_nm,"Stars: Linda Hamilton, Arnold Schwarzenegger, Mackenzie Davis, Natalia Reyes",Alicia Borrachero,Alicia,In Theaters Now - Box Office Top Ten,6.5,
Terminator: Dark Fate (2019),https://www.imdb.com/title/tt6450804/?ref_=inth_ov_tt,Action,128 min,Tim Miller,https://www.imdb.com/name/nm1783265/?ref_=inth_ov_nm,"Stars: Linda Hamilton, Arnold Schwarzenegger, Mackenzie Davis, Natalia Reyes",Enrique Arce,Vicente,In Theaters Now - Box Office Top Ten,6.5,
Terminator: Dark Fate (2019),https://www.imdb.com/title/tt6450804/?ref_=inth_ov_tt,Action,128 min,Tim Miller,https://www.imdb.com/name/nm1783265/?ref_=inth_ov_nm,"Stars: Linda Hamilton, Arnold Schwarzenegger, Mackenzie Davis, Natalia Reyes",Manuel Pacific,Mateo,In Theaters Now - Box Office Top Ten,6.5,
Terminator: Dark Fate (2019),https://www.imdb.com/title/tt6450804/?ref_=inth_ov_tt,Action,128 min,Tim Miller,https://www.imdb.com/name/nm1783265/?ref_=inth_ov_nm,"Stars: Linda Hamilton, Arnold Schwarzenegger, Mackenzie Davis, Natalia Reyes",Fraser James,Major Dean,In Theaters Now - Box Office Top Ten,6.5,
Terminator: Dark Fate (2019),https://www.imdb.com/title/tt6450804/?ref_=inth_ov_tt,Action,128 min,Tim Miller,https://www.imdb.com/name/nm1783265/?ref_=inth_ov_nm,"Stars: Linda Hamilton, Arnold Schwarzenegger, Mackenzie Davis, Natalia Reyes",Pedro Rudolphi,Cholo,In Theaters Now - Box Office Top Ten,6.5,
Joker (2019),https://www.imdb.com/title/tt7286456/?ref_=inth_ov_tt,Crime,122 min,Todd Phillips,https://www.imdb.com/name/nm0680846/?ref_=inth_ov_nm,"Stars: Joaquin Phoenix, Robert De Niro, Zazie Beetz, Frances Conroy",Joaquin Phoenix,Arthur Fleck,In Theaters Now - Box Office Top Ten,8.8,"Box Office: Weekend: $0.95M, Gross: $192.73M"
Joker (2019),https://www.imdb.com/title/tt7286456/?ref_=inth_ov_tt,Crime,122 min,Todd Phillips,https://www.imdb.com/name/nm0680846/?ref_=inth_ov_nm,"Stars: Joaquin Phoenix, Robert De Niro, Zazie Beetz, Frances Conroy",Robert De Niro,Murray Franklin,In Theaters Now - Box Office Top Ten,8.8,"Box Office: Weekend: $0.95M, Gross: $192.73M"
Joker (2019),https://www.imdb.com/title/tt7286456/?ref_=inth_ov_tt,Crime,122 min,Todd Phillips,https://www.imdb.com/name/nm0680846/?ref_=inth_ov_nm,"Stars: Joaquin Phoenix, Robert De Niro, Zazie Beetz, Frances Conroy",Zazie Beetz,Sophie Dumond,In Theaters Now - Box Office Top Ten,8.8,"Box Office: Weekend: $0.95M, Gross: $192.73M"
Joker (2019),https://www.imdb.com/title/tt7286456/?ref_=inth_ov_tt,Crime,122 min,Todd Phillips,https://www.imdb.com/name/nm0680846/?ref_=inth_ov_nm,"Stars: Joaquin Phoenix, Robert De Niro, Zazie Beetz, Frances Conroy",Frances Conroy,Penny Fleck,In Theaters Now - Box Office Top Ten,8.8,"Box Office: Weekend: $0.95M, Gross: $192.73M"
Joker (2019),https://www.imdb.com/title/tt7286456/?ref_=inth_ov_tt,Crime,122 min,Todd Phillips,https://www.imdb.com/name/nm0680846/?ref_=inth_ov_nm,"Stars: Joaquin Phoenix, Robert De Niro, Zazie Beetz, Frances Conroy",Brett Cullen,Thomas Wayne,In Theaters Now - Box Office Top Ten,8.8,"Box Office: Weekend: $0.95M, Gross: $192.73M"
Joker (2019),https://www.imdb.com/title/tt7286456/?ref_=inth_ov_tt,Crime,122 min,Todd Phillips,https://www.imdb.com/name/nm0680846/?ref_=inth_ov_nm,"Stars: Joaquin Phoenix, Robert De Niro, Zazie Beetz, Frances Conroy",Shea Whigham,Detective Burke,In Theaters Now - Box Office Top Ten,8.8,"Box Office: Weekend: $0.95M, Gross: $192.73M"
Joker (2019),https://www.imdb.com/title/tt7286456/?ref_=inth_ov_tt,Crime,122 min,Todd Phillips,https://www.imdb.com/name/nm0680846/?ref_=inth_ov_nm,"Stars: Joaquin Phoenix, Robert De Niro, Zazie Beetz, Frances Conroy",Bill Camp,Detective Garrity,In Theaters Now - Box Office Top Ten,8.8,"Box Office: Weekend: $0.95M, Gross: $192.73M"
Joker (2019),https://www.imdb.com/title/tt7286456/?ref_=inth_ov_tt,Crime,122 min,Todd Phillips,https://www.imdb.com/name/nm0680846/?ref_=inth_ov_nm,"Stars: Joaquin Phoenix, Robert De Niro, Zazie Beetz, Frances Conroy",Glenn Fleshler,Randall,In Theaters Now - Box Office Top Ten,8.8,"Box Office: Weekend: $0.95M, Gross: $192.73M"
Joker (2019),https://www.imdb.com/title/tt7286456/?ref_=inth_ov_tt,Crime,122 min,Todd Phillips,https://www.imdb.com/name/nm0680846/?ref_=inth_ov_nm,"Stars: Joaquin Phoenix, Robert De Niro, Zazie Beetz, Frances Conroy",Leigh Gill,Gary,In Theaters Now - Box Office Top Ten,8.8,"Box Office: Weekend: $0.95M, Gross: $192.73M"
Joker (2019),https://www.imdb.com/title/tt7286456/?ref_=inth_ov_tt,Crime,122 min,Todd Phillips,https://www.imdb.com/name/nm0680846/?ref_=inth_ov_nm,"Stars: Joaquin Phoenix, Robert De Niro, Zazie Beetz, Frances Conroy",Josh Pais,Hoyt Vaughn,In Theaters Now - Box Office Top Ten,8.8,"Box Office: Weekend: $0.95M, Gross: $192.73M"
Joker (2019),https://www.imdb.com/title/tt7286456/?ref_=inth_ov_tt,Crime,122 min,Todd Phillips,https://www.imdb.com/name/nm0680846/?ref_=inth_ov_nm,"Stars: Joaquin Phoenix, Robert De Niro, Zazie Beetz, Frances Conroy",Rocco Luna,GiGi Dumond,In Theaters Now - Box Office Top Ten,8.8,"Box Office: Weekend: $0.95M, Gross: $192.73M"
Joker (2019),https://www.imdb.com/title/tt7286456/?ref_=inth_ov_tt,Crime,122 min,Todd Phillips,https://www.imdb.com/name/nm0680846/?ref_=inth_ov_nm,"Stars: Joaquin Phoenix, Robert De Niro, Zazie Beetz, Frances Conroy",Marc Maron,Gene Ufland,In Theaters Now - Box Office Top Ten,8.8,"Box Office: Weekend: $0.95M, Gross: $192.73M"
Joker (2019),https://www.imdb.com/title/tt7286456/?ref_=inth_ov_tt,Crime,122 min,Todd Phillips,https://www.imdb.com/name/nm0680846/?ref_=inth_ov_nm,"Stars: Joaquin Phoenix, Robert De Niro, Zazie Beetz, Frances Conroy",Sondra James,Dr. Sally,In Theaters Now - Box Office Top Ten,8.8,"Box Office: Weekend: $0.95M, Gross: $192.73M"
Joker (2019),https://www.imdb.com/title/tt7286456/?ref_=inth_ov_tt,Crime,122 min,Todd Phillips,https://www.imdb.com/name/nm0680846/?ref_=inth_ov_nm,"Stars: Joaquin Phoenix, Robert De Niro, Zazie Beetz, Frances Conroy",Murphy Guyer,Barry O'Donnell,In Theaters Now - Box Office Top Ten,8.8,"Box Office: Weekend: $0.95M, Gross: $192.73M"
Joker (2019),https://www.imdb.com/title/tt7286456/?ref_=inth_ov_tt,Crime,122 min,Todd Phillips,https://www.imdb.com/name/nm0680846/?ref_=inth_ov_nm,"Stars: Joaquin Phoenix, Robert De Niro, Zazie Beetz, Frances Conroy",Douglas Hodge,Alfred Pennyworth,In Theaters Now - Box Office Top Ten,8.8,"Box Office: Weekend: $0.95M, Gross: $192.73M"
Maleficent: Mistress of Evil (2019),https://www.imdb.com/title/tt4777008/?ref_=inth_ov_tt,Adventure,119 min,Joachim Rønning,https://www.imdb.com/name/nm1461392/?ref_=inth_ov_nm,"Stars: Angelina Jolie, Elle Fanning, Harris Dickinson, Michelle Pfeiffer",Angelina Jolie,Maleficent,In Theaters Now - Box Office Top Ten,7,"Box Office: Weekend: $36.95M, Gross: $36.95M"
Maleficent: Mistress of Evil (2019),https://www.imdb.com/title/tt4777008/?ref_=inth_ov_tt,Adventure,119 min,Joachim Rønning,https://www.imdb.com/name/nm1461392/?ref_=inth_ov_nm,"Stars: Angelina Jolie, Elle Fanning, Harris Dickinson, Michelle Pfeiffer",Elle Fanning,Aurora,In Theaters Now - Box Office Top Ten,7,"Box Office: Weekend: $36.95M, Gross: $36.95M"
Maleficent: Mistress of Evil (2019),https://www.imdb.com/title/tt4777008/?ref_=inth_ov_tt,Adventure,119 min,Joachim Rønning,https://www.imdb.com/name/nm1461392/?ref_=inth_ov_nm,"Stars: Angelina Jolie, Elle Fanning, Harris Dickinson, Michelle Pfeiffer",Harris Dickinson,Prince Philip,In Theaters Now - Box Office Top Ten,7,"Box Office: Weekend: $36.95M, Gross: $36.95M"
Maleficent: Mistress of Evil (2019),https://www.imdb.com/title/tt4777008/?ref_=inth_ov_tt,Adventure,119 min,Joachim Rønning,https://www.imdb.com/name/nm1461392/?ref_=inth_ov_nm,"Stars: Angelina Jolie, Elle Fanning, Harris Dickinson, Michelle Pfeiffer",Michelle Pfeiffer,Queen Ingrith,In Theaters Now - Box Office Top Ten,7,"Box Office: Weekend: $36.95M, Gross: $36.95M"
Maleficent: Mistress of Evil (2019),https://www.imdb.com/title/tt4777008/?ref_=inth_ov_tt,Adventure,119 min,Joachim Rønning,https://www.imdb.com/name/nm1461392/?ref_=inth_ov_nm,"Stars: Angelina Jolie, Elle Fanning, Harris Dickinson, Michelle Pfeiffer",Sam Riley,Diaval,In Theaters Now - Box Office Top Ten,7,"Box Office: Weekend: $36.95M, Gross: $36.95M"
Maleficent: Mistress of Evil (2019),https://www.imdb.com/title/tt4777008/?ref_=inth_ov_tt,Adventure,119 min,Joachim Rønning,https://www.imdb.com/name/nm1461392/?ref_=inth_ov_nm,"Stars: Angelina Jolie, Elle Fanning, Harris Dickinson, Michelle Pfeiffer",Chiwetel Ejiofor,Conall,In Theaters Now - Box Office Top Ten,7,"Box Office: Weekend: $36.95M, Gross: $36.95M"
Maleficent: Mistress of Evil (2019),https://www.imdb.com/title/tt4777008/?ref_=inth_ov_tt,Adventure,119 min,Joachim Rønning,https://www.imdb.com/name/nm1461392/?ref_=inth_ov_nm,"Stars: Angelina Jolie, Elle Fanning, Harris Dickinson, Michelle Pfeiffer",Ed Skrein,Borra,In Theaters Now - Box Office Top Ten,7,"Box Office: Weekend: $36.95M, Gross: $36.95M"
Maleficent: Mistress of Evil (2019),https://www.imdb.com/title/tt4777008/?ref_=inth_ov_tt,Adventure,119 min,Joachim Rønning,https://www.imdb.com/name/nm1461392/?ref_=inth_ov_nm,"Stars: Angelina Jolie, Elle Fanning, Harris Dickinson, Michelle Pfeiffer",Robert Lindsay,King John,In Theaters Now - Box Office Top Ten,7,"Box Office: Weekend: $36.95M, Gross: $36.95M"
Maleficent: Mistress of Evil (2019),https://www.imdb.com/title/tt4777008/?ref_=inth_ov_tt,Adventure,119 min,Joachim Rønning,https://www.imdb.com/name/nm1461392/?ref_=inth_ov_nm,"Stars: Angelina Jolie, Elle Fanning, Harris Dickinson, Michelle Pfeiffer",David Gyasi,Percival,In Theaters Now - Box Office Top Ten,7,"Box Office: Weekend: $36.95M, Gross: $36.95M"
Maleficent: Mistress of Evil (2019),https://www.imdb.com/title/tt4777008/?ref_=inth_ov_tt,Adventure,119 min,Joachim Rønning,https://www.imdb.com/name/nm1461392/?ref_=inth_ov_nm,"Stars: Angelina Jolie, Elle Fanning, Harris Dickinson, Michelle Pfeiffer",Jenn Murray,Gerda,In Theaters Now - Box Office Top Ten,7,"Box Office: Weekend: $36.95M, Gross: $36.95M"
Maleficent: Mistress of Evil (2019),https://www.imdb.com/title/tt4777008/?ref_=inth_ov_tt,Adventure,119 min,Joachim Rønning,https://www.imdb.com/name/nm1461392/?ref_=inth_ov_nm,"Stars: Angelina Jolie, Elle Fanning, Harris Dickinson, Michelle Pfeiffer",Juno Temple,Thistlewit,In Theaters Now - Box Office Top Ten,7,"Box Office: Weekend: $36.95M, Gross: $36.95M"
Maleficent: Mistress of Evil (2019),https://www.imdb.com/title/tt4777008/?ref_=inth_ov_tt,Adventure,119 min,Joachim Rønning,https://www.imdb.com/name/nm1461392/?ref_=inth_ov_nm,"Stars: Angelina Jolie, Elle Fanning, Harris Dickinson, Michelle Pfeiffer",Lesley Manville,Flittle,In Theaters Now - Box Office Top Ten,7,"Box Office: Weekend: $36.95M, Gross: $36.95M"
Maleficent: Mistress of Evil (2019),https://www.imdb.com/title/tt4777008/?ref_=inth_ov_tt,Adventure,119 min,Joachim Rønning,https://www.imdb.com/name/nm1461392/?ref_=inth_ov_nm,"Stars: Angelina Jolie, Elle Fanning, Harris Dickinson, Michelle Pfeiffer",Imelda Staunton,Knotgrass,In Theaters Now - Box Office Top Ten,7,"Box Office: Weekend: $36.95M, Gross: $36.95M"
Maleficent: Mistress of Evil (2019),https://www.imdb.com/title/tt4777008/?ref_=inth_ov_tt,Adventure,119 min,Joachim Rønning,https://www.imdb.com/name/nm1461392/?ref_=inth_ov_nm,"Stars: Angelina Jolie, Elle Fanning, Harris Dickinson, Michelle Pfeiffer",Judith Shekoni,Shrike (Jungle),In Theaters Now - Box Office Top Ten,7,"Box Office: Weekend: $36.95M, Gross: $36.95M"
Maleficent: Mistress of Evil (2019),https://www.imdb.com/title/tt4777008/?ref_=inth_ov_tt,Adventure,119 min,Joachim Rønning,https://www.imdb.com/name/nm1461392/?ref_=inth_ov_nm,"Stars: Angelina Jolie, Elle Fanning, Harris Dickinson, Michelle Pfeiffer",Miyavi,Udo (Tundra),In Theaters Now - Box Office Top Ten,7,"Box Office: Weekend: $36.95M, Gross: $36.95M"
Harriet (2019),https://www.imdb.com/title/tt4648786/?ref_=inth_ov_tt,Action,125 min,Kasi Lemmons,https://www.imdb.com/name/nm0501435/?ref_=inth_ov_nm,"Stars: Cynthia Erivo, Leslie Odom Jr., Joe Alwyn, Clarke Peters",Cynthia Erivo,Harriet / Minty,In Theaters Now - Box Office Top Ten,6.3,
Harriet (2019),https://www.imdb.com/title/tt4648786/?ref_=inth_ov_tt,Action,125 min,Kasi Lemmons,https://www.imdb.com/name/nm0501435/?ref_=inth_ov_nm,"Stars: Cynthia Erivo, Leslie Odom Jr., Joe Alwyn, Clarke Peters",Leslie Odom Jr.,William Still,In Theaters Now - Box Office Top Ten,6.3,
Harriet (2019),https://www.imdb.com/title/tt4648786/?ref_=inth_ov_tt,Action,125 min,Kasi Lemmons,https://www.imdb.com/name/nm0501435/?ref_=inth_ov_nm,"Stars: Cynthia Erivo, Leslie Odom Jr., Joe Alwyn, Clarke Peters",Joe Alwyn,Gideon Brodess,In Theaters Now - Box Office Top Ten,6.3,
Harriet (2019),https://www.imdb.com/title/tt4648786/?ref_=inth_ov_tt,Action,125 min,Kasi Lemmons,https://www.imdb.com/name/nm0501435/?ref_=inth_ov_nm,"Stars: Cynthia Erivo, Leslie Odom Jr., Joe Alwyn, Clarke Peters",Clarke Peters,Ben Ross,In Theaters Now - Box Office Top Ten,6.3,
Harriet (2019),https://www.imdb.com/title/tt4648786/?ref_=inth_ov_tt,Action,125 min,Kasi Lemmons,https://www.imdb.com/name/nm0501435/?ref_=inth_ov_nm,"Stars: Cynthia Erivo, Leslie Odom Jr., Joe Alwyn, Clarke Peters",Vanessa Bell Calloway,Rit Ross,In Theaters Now - Box Office Top Ten,6.3,
Harriet (2019),https://www.imdb.com/title/tt4648786/?ref_=inth_ov_tt,Action,125 min,Kasi Lemmons,https://www.imdb.com/name/nm0501435/?ref_=inth_ov_nm,"Stars: Cynthia Erivo, Leslie Odom Jr., Joe Alwyn, Clarke Peters",Omar J. Dorsey,Bigger Long,In Theaters Now - Box Office Top Ten,6.3,
Harriet (2019),https://www.imdb.com/title/tt4648786/?ref_=inth_ov_tt,Action,125 min,Kasi Lemmons,https://www.imdb.com/name/nm0501435/?ref_=inth_ov_nm,"Stars: Cynthia Erivo, Leslie Odom Jr., Joe Alwyn, Clarke Peters",Henry Hunter Hall,Walter,In Theaters Now - Box Office Top Ten,6.3,
Harriet (2019),https://www.imdb.com/title/tt4648786/?ref_=inth_ov_tt,Action,125 min,Kasi Lemmons,https://www.imdb.com/name/nm0501435/?ref_=inth_ov_nm,"Stars: Cynthia Erivo, Leslie Odom Jr., Joe Alwyn, Clarke Peters",Tim Guinee,Thomas Garrett,In Theaters Now - Box Office Top Ten,6.3,
Harriet (2019),https://www.imdb.com/title/tt4648786/?ref_=inth_ov_tt,Action,125 min,Kasi Lemmons,https://www.imdb.com/name/nm0501435/?ref_=inth_ov_nm,"Stars: Cynthia Erivo, Leslie Odom Jr., Joe Alwyn, Clarke Peters",Nick Basta,Foxx,In Theaters Now - Box Office Top Ten,6.3,
Harriet (2019),https://www.imdb.com/title/tt4648786/?ref_=inth_ov_tt,Action,125 min,Kasi Lemmons,https://www.imdb.com/name/nm0501435/?ref_=inth_ov_nm,"Stars: Cynthia Erivo, Leslie Odom Jr., Joe Alwyn, Clarke Peters",Joseph Lee Anderson,Robert Ross,In Theaters Now - Box Office Top Ten,6.3,
Harriet (2019),https://www.imdb.com/title/tt4648786/?ref_=inth_ov_tt,Action,125 min,Kasi Lemmons,https://www.imdb.com/name/nm0501435/?ref_=inth_ov_nm,"Stars: Cynthia Erivo, Leslie Odom Jr., Joe Alwyn, Clarke Peters",Antonio J Bell,Henry Ross,In Theaters Now - Box Office Top Ten,6.3,
Harriet (2019),https://www.imdb.com/title/tt4648786/?ref_=inth_ov_tt,Action,125 min,Kasi Lemmons,https://www.imdb.com/name/nm0501435/?ref_=inth_ov_nm,"Stars: Cynthia Erivo, Leslie Odom Jr., Joe Alwyn, Clarke Peters",CJ McBath,Junyah Ross,In Theaters Now - Box Office Top Ten,6.3,
Harriet (2019),https://www.imdb.com/title/tt4648786/?ref_=inth_ov_tt,Action,125 min,Kasi Lemmons,https://www.imdb.com/name/nm0501435/?ref_=inth_ov_nm,"Stars: Cynthia Erivo, Leslie Odom Jr., Joe Alwyn, Clarke Peters",Alexis Louder,Jane,In Theaters Now - Box Office Top Ten,6.3,
Harriet (2019),https://www.imdb.com/title/tt4648786/?ref_=inth_ov_tt,Action,125 min,Kasi Lemmons,https://www.imdb.com/name/nm0501435/?ref_=inth_ov_nm,"Stars: Cynthia Erivo, Leslie Odom Jr., Joe Alwyn, Clarke Peters",Aria Brooks,Anger (8),In Theaters Now - Box Office Top Ten,6.3,
Harriet (2019),https://www.imdb.com/title/tt4648786/?ref_=inth_ov_tt,Action,125 min,Kasi Lemmons,https://www.imdb.com/name/nm0501435/?ref_=inth_ov_nm,"Stars: Cynthia Erivo, Leslie Odom Jr., Joe Alwyn, Clarke Peters",Janelle Monáe,Marie Buchanon,In Theaters Now - Box Office Top Ten,6.3,
The Addams Family (2019),https://www.imdb.com/title/tt1620981/?ref_=inth_ov_tt,Animation,86 min,Conrad Vernon,https://www.imdb.com/name/nm0970447/?ref_=inth_ov_nm,"Stars: Oscar Isaac, Charlize Theron, Chloë Grace Moretz, Finn Wolfhard",Oscar Isaac,Gomez Addams (voice),In Theaters Now - Box Office Top Ten,5.9,"Box Office: Weekend: $30.30M, Gross: $30.30M"
The Addams Family (2019),https://www.imdb.com/title/tt1620981/?ref_=inth_ov_tt,Animation,86 min,Conrad Vernon,https://www.imdb.com/name/nm0970447/?ref_=inth_ov_nm,"Stars: Oscar Isaac, Charlize Theron, Chloë Grace Moretz, Finn Wolfhard",Charlize Theron,Morticia Addams (voice),In Theaters Now - Box Office Top Ten,5.9,"Box Office: Weekend: $30.30M, Gross: $30.30M"
The Addams Family (2019),https://www.imdb.com/title/tt1620981/?ref_=inth_ov_tt,Animation,86 min,Conrad Vernon,https://www.imdb.com/name/nm0970447/?ref_=inth_ov_nm,"Stars: Oscar Isaac, Charlize Theron, Chloë Grace Moretz, Finn Wolfhard",Chloë Grace Moretz,Wednesday Addams (voice),In Theaters Now - Box Office Top Ten,5.9,"Box Office: Weekend: $30.30M, Gross: $30.30M"
The Addams Family (2019),https://www.imdb.com/title/tt1620981/?ref_=inth_ov_tt,Animation,86 min,Conrad Vernon,https://www.imdb.com/name/nm0970447/?ref_=inth_ov_nm,"Stars: Oscar Isaac, Charlize Theron, Chloë Grace Moretz, Finn Wolfhard",Finn Wolfhard,Pugsley Addams (voice),In Theaters Now - Box Office Top Ten,5.9,"Box Office: Weekend: $30.30M, Gross: $30.30M"
The Addams Family (2019),https://www.imdb.com/title/tt1620981/?ref_=inth_ov_tt,Animation,86 min,Conrad Vernon,https://www.imdb.com/name/nm0970447/?ref_=inth_ov_nm,"Stars: Oscar Isaac, Charlize Theron, Chloë Grace Moretz, Finn Wolfhard",Nick Kroll,Uncle Fester (voice),In Theaters Now - Box Office Top Ten,5.9,"Box Office: Weekend: $30.30M, Gross: $30.30M"
The Addams Family (2019),https://www.imdb.com/title/tt1620981/?ref_=inth_ov_tt,Animation,86 min,Conrad Vernon,https://www.imdb.com/name/nm0970447/?ref_=inth_ov_nm,"Stars: Oscar Isaac, Charlize Theron, Chloë Grace Moretz, Finn Wolfhard",Snoop Dogg,It (voice),In Theaters Now - Box Office Top Ten,5.9,"Box Office: Weekend: $30.30M, Gross: $30.30M"
The Addams Family (2019),https://www.imdb.com/title/tt1620981/?ref_=inth_ov_tt,Animation,86 min,Conrad Vernon,https://www.imdb.com/name/nm0970447/?ref_=inth_ov_nm,"Stars: Oscar Isaac, Charlize Theron, Chloë Grace Moretz, Finn Wolfhard",Bette Midler,Grandma (voice),In Theaters Now - Box Office Top Ten,5.9,"Box Office: Weekend: $30.30M, Gross: $30.30M"
The Addams Family (2019),https://www.imdb.com/title/tt1620981/?ref_=inth_ov_tt,Animation,86 min,Conrad Vernon,https://www.imdb.com/name/nm0970447/?ref_=inth_ov_nm,"Stars: Oscar Isaac, Charlize Theron, Chloë Grace Moretz, Finn Wolfhard",Allison Janney,Margaux Needler (voice),In Theaters Now - Box Office Top Ten,5.9,"Box Office: Weekend: $30.30M, Gross: $30.30M"
The Addams Family (2019),https://www.imdb.com/title/tt1620981/?ref_=inth_ov_tt,Animation,86 min,Conrad Vernon,https://www.imdb.com/name/nm0970447/?ref_=inth_ov_nm,"Stars: Oscar Isaac, Charlize Theron, Chloë Grace Moretz, Finn Wolfhard",Martin Short,Grandpa Frump (voice),In Theaters Now - Box Office Top Ten,5.9,"Box Office: Weekend: $30.30M, Gross: $30.30M"
The Addams Family (2019),https://www.imdb.com/title/tt1620981/?ref_=inth_ov_tt,Animation,86 min,Conrad Vernon,https://www.imdb.com/name/nm0970447/?ref_=inth_ov_nm,"Stars: Oscar Isaac, Charlize Theron, Chloë Grace Moretz, Finn Wolfhard",Catherine O'Hara,Grandma Frump (voice),In Theaters Now - Box Office Top Ten,5.9,"Box Office: Weekend: $30.30M, Gross: $30.30M"
The Addams Family (2019),https://www.imdb.com/title/tt1620981/?ref_=inth_ov_tt,Animation,86 min,Conrad Vernon,https://www.imdb.com/name/nm0970447/?ref_=inth_ov_nm,"Stars: Oscar Isaac, Charlize Theron, Chloë Grace Moretz, Finn Wolfhard",Tituss Burgess,Glenn (voice),In Theaters Now - Box Office Top Ten,5.9,"Box Office: Weekend: $30.30M, Gross: $30.30M"
The Addams Family (2019),https://www.imdb.com/title/tt1620981/?ref_=inth_ov_tt,Animation,86 min,Conrad Vernon,https://www.imdb.com/name/nm0970447/?ref_=inth_ov_nm,"Stars: Oscar Isaac, Charlize Theron, Chloë Grace Moretz, Finn Wolfhard",Jenifer Lewis,Great Auntie Sloom (voice),In Theaters Now - Box Office Top Ten,5.9,"Box Office: Weekend: $30.30M, Gross: $30.30M"
The Addams Family (2019),https://www.imdb.com/title/tt1620981/?ref_=inth_ov_tt,Animation,86 min,Conrad Vernon,https://www.imdb.com/name/nm0970447/?ref_=inth_ov_nm,"Stars: Oscar Isaac, Charlize Theron, Chloë Grace Moretz, Finn Wolfhard",Elsie Fisher,Parker (voice),In Theaters Now - Box Office Top Ten,5.9,"Box Office: Weekend: $30.30M, Gross: $30.30M"
The Addams Family (2019),https://www.imdb.com/title/tt1620981/?ref_=inth_ov_tt,Animation,86 min,Conrad Vernon,https://www.imdb.com/name/nm0970447/?ref_=inth_ov_nm,"Stars: Oscar Isaac, Charlize Theron, Chloë Grace Moretz, Finn Wolfhard",Conrad Vernon,Lurch / Priest / Spirit of the House / Dr. Flambe (voice),In Theaters Now - Box Office Top Ten,5.9,"Box Office: Weekend: $30.30M, Gross: $30.30M"
The Addams Family (2019),https://www.imdb.com/title/tt1620981/?ref_=inth_ov_tt,Animation,86 min,Conrad Vernon,https://www.imdb.com/name/nm0970447/?ref_=inth_ov_nm,"Stars: Oscar Isaac, Charlize Theron, Chloë Grace Moretz, Finn Wolfhard",Aimee Garcia,Denise (voice),In Theaters Now - Box Office Top Ten,5.9,"Box Office: Weekend: $30.30M, Gross: $30.30M"
Zombieland: Double Tap (2019),https://www.imdb.com/title/tt1560220/?ref_=inth_ov_tt,Action,99 min,Ruben Fleischer,https://www.imdb.com/name/nm0281508/?ref_=inth_ov_nm,"Stars: Woody Harrelson, Jesse Eisenberg, Emma Stone, Abigail Breslin",Woody Harrelson,Tallahassee,In Theaters Now - Box Office Top Ten,7.2,"Box Office: Weekend: $26.80M, Gross: $26.80M"
Zombieland: Double Tap (2019),https://www.imdb.com/title/tt1560220/?ref_=inth_ov_tt,Action,99 min,Ruben Fleischer,https://www.imdb.com/name/nm0281508/?ref_=inth_ov_nm,"Stars: Woody Harrelson, Jesse Eisenberg, Emma Stone, Abigail Breslin",Jesse Eisenberg,Columbus,In Theaters Now - Box Office Top Ten,7.2,"Box Office: Weekend: $26.80M, Gross: $26.80M"
Zombieland: Double Tap (2019),https://www.imdb.com/title/tt1560220/?ref_=inth_ov_tt,Action,99 min,Ruben Fleischer,https://www.imdb.com/name/nm0281508/?ref_=inth_ov_nm,"Stars: Woody Harrelson, Jesse Eisenberg, Emma Stone, Abigail Breslin",Emma Stone,Wichita,In Theaters Now - Box Office Top Ten,7.2,"Box Office: Weekend: $26.80M, Gross: $26.80M"
Zombieland: Double Tap (2019),https://www.imdb.com/title/tt1560220/?ref_=inth_ov_tt,Action,99 min,Ruben Fleischer,https://www.imdb.com/name/nm0281508/?ref_=inth_ov_nm,"Stars: Woody Harrelson, Jesse Eisenberg, Emma Stone, Abigail Breslin",Abigail Breslin,Little Rock,In Theaters Now - Box Office Top Ten,7.2,"Box Office: Weekend: $26.80M, Gross: $26.80M"
Zombieland: Double Tap (2019),https://www.imdb.com/title/tt1560220/?ref_=inth_ov_tt,Action,99 min,Ruben Fleischer,https://www.imdb.com/name/nm0281508/?ref_=inth_ov_nm,"Stars: Woody Harrelson, Jesse Eisenberg, Emma Stone, Abigail Breslin",Zoey Deutch,Madison,In Theaters Now - Box Office Top Ten,7.2,"Box Office: Weekend: $26.80M, Gross: $26.80M"
Zombieland: Double Tap (2019),https://www.imdb.com/title/tt1560220/?ref_=inth_ov_tt,Action,99 min,Ruben Fleischer,https://www.imdb.com/name/nm0281508/?ref_=inth_ov_nm,"Stars: Woody Harrelson, Jesse Eisenberg, Emma Stone, Abigail Breslin",Avan Jogia,Berkeley,In Theaters Now - Box Office Top Ten,7.2,"Box Office: Weekend: $26.80M, Gross: $26.80M"
Zombieland: Double Tap (2019),https://www.imdb.com/title/tt1560220/?ref_=inth_ov_tt,Action,99 min,Ruben Fleischer,https://www.imdb.com/name/nm0281508/?ref_=inth_ov_nm,"Stars: Woody Harrelson, Jesse Eisenberg, Emma Stone, Abigail Breslin",Rosario Dawson,Nevada,In Theaters Now - Box Office Top Ten,7.2,"Box Office: Weekend: $26.80M, Gross: $26.80M"
Zombieland: Double Tap (2019),https://www.imdb.com/title/tt1560220/?ref_=inth_ov_tt,Action,99 min,Ruben Fleischer,https://www.imdb.com/name/nm0281508/?ref_=inth_ov_nm,"Stars: Woody Harrelson, Jesse Eisenberg, Emma Stone, Abigail Breslin",Luke Wilson,Albuquerque,In Theaters Now - Box Office Top Ten,7.2,"Box Office: Weekend: $26.80M, Gross: $26.80M"
Zombieland: Double Tap (2019),https://www.imdb.com/title/tt1560220/?ref_=inth_ov_tt,Action,99 min,Ruben Fleischer,https://www.imdb.com/name/nm0281508/?ref_=inth_ov_nm,"Stars: Woody Harrelson, Jesse Eisenberg, Emma Stone, Abigail Breslin",Thomas Middleditch,Flagstaff,In Theaters Now - Box Office Top Ten,7.2,"Box Office: Weekend: $26.80M, Gross: $26.80M"
Zombieland: Double Tap (2019),https://www.imdb.com/title/tt1560220/?ref_=inth_ov_tt,Action,99 min,Ruben Fleischer,https://www.imdb.com/name/nm0281508/?ref_=inth_ov_nm,"Stars: Woody Harrelson, Jesse Eisenberg, Emma Stone, Abigail Breslin",Victoria Hall,Babylonian Gatekeeper,In Theaters Now - Box Office Top Ten,7.2,"Box Office: Weekend: $26.80M, Gross: $26.80M"
Zombieland: Double Tap (2019),https://www.imdb.com/title/tt1560220/?ref_=inth_ov_tt,Action,99 min,Ruben Fleischer,https://www.imdb.com/name/nm0281508/?ref_=inth_ov_nm,"Stars: Woody Harrelson, Jesse Eisenberg, Emma Stone, Abigail Breslin",Victor Rivera,Civil War Bearded Guy,In Theaters Now - Box Office Top Ten,7.2,"Box Office: Weekend: $26.80M, Gross: $26.80M"
Zombieland: Double Tap (2019),https://www.imdb.com/title/tt1560220/?ref_=inth_ov_tt,Action,99 min,Ruben Fleischer,https://www.imdb.com/name/nm0281508/?ref_=inth_ov_nm,"Stars: Woody Harrelson, Jesse Eisenberg, Emma Stone, Abigail Breslin",Ian Gregg,Bowel Blast Guy,In Theaters Now - Box Office Top Ten,7.2,"Box Office: Weekend: $26.80M, Gross: $26.80M"
Zombieland: Double Tap (2019),https://www.imdb.com/title/tt1560220/?ref_=inth_ov_tt,Action,99 min,Ruben Fleischer,https://www.imdb.com/name/nm0281508/?ref_=inth_ov_nm,"Stars: Woody Harrelson, Jesse Eisenberg, Emma Stone, Abigail Breslin",Devin Mojica,Cool Hat Guy,In Theaters Now - Box Office Top Ten,7.2,"Box Office: Weekend: $26.80M, Gross: $26.80M"
Zombieland: Double Tap (2019),https://www.imdb.com/title/tt1560220/?ref_=inth_ov_tt,Action,99 min,Ruben Fleischer,https://www.imdb.com/name/nm0281508/?ref_=inth_ov_nm,"Stars: Woody Harrelson, Jesse Eisenberg, Emma Stone, Abigail Breslin",Rachel Luttrell,Terrified Woman in Snow,In Theaters Now - Box Office Top Ten,7.2,"Box Office: Weekend: $26.80M, Gross: $26.80M"
Zombieland: Double Tap (2019),https://www.imdb.com/title/tt1560220/?ref_=inth_ov_tt,Action,99 min,Ruben Fleischer,https://www.imdb.com/name/nm0281508/?ref_=inth_ov_nm,"Stars: Woody Harrelson, Jesse Eisenberg, Emma Stone, Abigail Breslin",John Dixon,Homer Zombie in Snow,In Theaters Now - Box Office Top Ten,7.2,"Box Office: Weekend: $26.80M, Gross: $26.80M"
Countdown (2019),https://www.imdb.com/title/tt10039344/?ref_=inth_ov_tt,Horror,90 min,Justin Dec,https://www.imdb.com/name/nm2280148/?ref_=inth_ov_nm,"Stars: Elizabeth Lail, Jordan Calloway, Talitha Eliana Bateman, Peter Facinelli",Elizabeth Lail,Quinn Harris,In Theaters Now - Box Office Top Ten,5.3,
Countdown (2019),https://www.imdb.com/title/tt10039344/?ref_=inth_ov_tt,Horror,90 min,Justin Dec,https://www.imdb.com/name/nm2280148/?ref_=inth_ov_nm,"Stars: Elizabeth Lail, Jordan Calloway, Talitha Eliana Bateman, Peter Facinelli",Jordan Calloway,Matt Monroe,In Theaters Now - Box Office Top Ten,5.3,
Countdown (2019),https://www.imdb.com/title/tt10039344/?ref_=inth_ov_tt,Horror,90 min,Justin Dec,https://www.imdb.com/name/nm2280148/?ref_=inth_ov_nm,"Stars: Elizabeth Lail, Jordan Calloway, Talitha Eliana Bateman, Peter Facinelli",Talitha Eliana Bateman,Jordan Harris (as Talitha Bateman),In Theaters Now - Box Office Top Ten,5.3,
Countdown (2019),https://www.imdb.com/title/tt10039344/?ref_=inth_ov_tt,Horror,90 min,Justin Dec,https://www.imdb.com/name/nm2280148/?ref_=inth_ov_nm,"Stars: Elizabeth Lail, Jordan Calloway, Talitha Eliana Bateman, Peter Facinelli",Peter Facinelli,Dr. Sullivan,In Theaters Now - Box Office Top Ten,5.3,
Countdown (2019),https://www.imdb.com/title/tt10039344/?ref_=inth_ov_tt,Horror,90 min,Justin Dec,https://www.imdb.com/name/nm2280148/?ref_=inth_ov_nm,"Stars: Elizabeth Lail, Jordan Calloway, Talitha Eliana Bateman, Peter Facinelli",Dillon Lane,Evan,In Theaters Now - Box Office Top Ten,5.3,
Countdown (2019),https://www.imdb.com/title/tt10039344/?ref_=inth_ov_tt,Horror,90 min,Justin Dec,https://www.imdb.com/name/nm2280148/?ref_=inth_ov_nm,"Stars: Elizabeth Lail, Jordan Calloway, Talitha Eliana Bateman, Peter Facinelli",Tichina Arnold,Nurse Amy,In Theaters Now - Box Office Top Ten,5.3,
Countdown (2019),https://www.imdb.com/title/tt10039344/?ref_=inth_ov_tt,Horror,90 min,Justin Dec,https://www.imdb.com/name/nm2280148/?ref_=inth_ov_nm,"Stars: Elizabeth Lail, Jordan Calloway, Talitha Eliana Bateman, Peter Facinelli",Tom Segura,Derek,In Theaters Now - Box Office Top Ten,5.3,
Countdown (2019),https://www.imdb.com/title/tt10039344/?ref_=inth_ov_tt,Horror,90 min,Justin Dec,https://www.imdb.com/name/nm2280148/?ref_=inth_ov_nm,"Stars: Elizabeth Lail, Jordan Calloway, Talitha Eliana Bateman, Peter Facinelli",Lana McKissack,Rachel,In Theaters Now - Box Office Top Ten,5.3,
Countdown (2019),https://www.imdb.com/title/tt10039344/?ref_=inth_ov_tt,Horror,90 min,Justin Dec,https://www.imdb.com/name/nm2280148/?ref_=inth_ov_nm,"Stars: Elizabeth Lail, Jordan Calloway, Talitha Eliana Bateman, Peter Facinelli",Anne Winters,Courtney,In Theaters Now - Box Office Top Ten,5.3,
Countdown (2019),https://www.imdb.com/title/tt10039344/?ref_=inth_ov_tt,Horror,90 min,Justin Dec,https://www.imdb.com/name/nm2280148/?ref_=inth_ov_nm,"Stars: Elizabeth Lail, Jordan Calloway, Talitha Eliana Bateman, Peter Facinelli",Matt Letscher,Charlie,In Theaters Now - Box Office Top Ten,5.3,
Countdown (2019),https://www.imdb.com/title/tt10039344/?ref_=inth_ov_tt,Horror,90 min,Justin Dec,https://www.imdb.com/name/nm2280148/?ref_=inth_ov_nm,"Stars: Elizabeth Lail, Jordan Calloway, Talitha Eliana Bateman, Peter Facinelli",P.J. Byrne,Father John,In Theaters Now - Box Office Top Ten,5.3,
Countdown (2019),https://www.imdb.com/title/tt10039344/?ref_=inth_ov_tt,Horror,90 min,Justin Dec,https://www.imdb.com/name/nm2280148/?ref_=inth_ov_nm,"Stars: Elizabeth Lail, Jordan Calloway, Talitha Eliana Bateman, Peter Facinelli",Valente Rodriguez,Father David,In Theaters Now - Box Office Top Ten,5.3,
Countdown (2019),https://www.imdb.com/title/tt10039344/?ref_=inth_ov_tt,Horror,90 min,Justin Dec,https://www.imdb.com/name/nm2280148/?ref_=inth_ov_nm,"Stars: Elizabeth Lail, Jordan Calloway, Talitha Eliana Bateman, Peter Facinelli",Louisa Abernathy,Mrs. Talbot,In Theaters Now - Box Office Top Ten,5.3,
Countdown (2019),https://www.imdb.com/title/tt10039344/?ref_=inth_ov_tt,Horror,90 min,Justin Dec,https://www.imdb.com/name/nm2280148/?ref_=inth_ov_nm,"Stars: Elizabeth Lail, Jordan Calloway, Talitha Eliana Bateman, Peter Facinelli",Charlie McDermott,Scott,In Theaters Now - Box Office Top Ten,5.3,
Countdown (2019),https://www.imdb.com/title/tt10039344/?ref_=inth_ov_tt,Horror,90 min,Justin Dec,https://www.imdb.com/name/nm2280148/?ref_=inth_ov_nm,"Stars: Elizabeth Lail, Jordan Calloway, Talitha Eliana Bateman, Peter Facinelli",Jonny Berryman,Jeff,In Theaters Now - Box Office Top Ten,5.3,
Black and Blue (2019),https://www.imdb.com/title/tt7390646/?ref_=inth_ov_tt,Action,108 min,Deon Taylor,https://www.imdb.com/name/nm1938064/?ref_=inth_ov_nm,"Stars: Naomie Harris, Frank Grillo, Mike Colter, Reid Scott",Naomie Harris,Alicia West,In Theaters Now - Box Office Top Ten,5.7,
Black and Blue (2019),https://www.imdb.com/title/tt7390646/?ref_=inth_ov_tt,Action,108 min,Deon Taylor,https://www.imdb.com/name/nm1938064/?ref_=inth_ov_nm,"Stars: Naomie Harris, Frank Grillo, Mike Colter, Reid Scott",Frank Grillo,Terry Malone,In Theaters Now - Box Office Top Ten,5.7,
Black and Blue (2019),https://www.imdb.com/title/tt7390646/?ref_=inth_ov_tt,Action,108 min,Deon Taylor,https://www.imdb.com/name/nm1938064/?ref_=inth_ov_nm,"Stars: Naomie Harris, Frank Grillo, Mike Colter, Reid Scott",Mike Colter,Darius,In Theaters Now - Box Office Top Ten,5.7,
Black and Blue (2019),https://www.imdb.com/title/tt7390646/?ref_=inth_ov_tt,Action,108 min,Deon Taylor,https://www.imdb.com/name/nm1938064/?ref_=inth_ov_nm,"Stars: Naomie Harris, Frank Grillo, Mike Colter, Reid Scott",Reid Scott,Kevin,In Theaters Now - Box Office Top Ten,5.7,
Black and Blue (2019),https://www.imdb.com/title/tt7390646/?ref_=inth_ov_tt,Action,108 min,Deon Taylor,https://www.imdb.com/name/nm1938064/?ref_=inth_ov_nm,"Stars: Naomie Harris, Frank Grillo, Mike Colter, Reid Scott",Tyrese Gibson,Milo 'Mouse' Jackson,In Theaters Now - Box Office Top Ten,5.7,
Black and Blue (2019),https://www.imdb.com/title/tt7390646/?ref_=inth_ov_tt,Action,108 min,Deon Taylor,https://www.imdb.com/name/nm1938064/?ref_=inth_ov_nm,"Stars: Naomie Harris, Frank Grillo, Mike Colter, Reid Scott",Nafessa Williams,Missy,In Theaters Now - Box Office Top Ten,5.7,
Black and Blue (2019),https://www.imdb.com/title/tt7390646/?ref_=inth_ov_tt,Action,108 min,Deon Taylor,https://www.imdb.com/name/nm1938064/?ref_=inth_ov_nm,"Stars: Naomie Harris, Frank Grillo, Mike Colter, Reid Scott",Beau Knapp,,In Theaters Now - Box Office Top Ten,5.7,
Black and Blue (2019),https://www.imdb.com/title/tt7390646/?ref_=inth_ov_tt,Action,108 min,Deon Taylor,https://www.imdb.com/name/nm1938064/?ref_=inth_ov_nm,"Stars: Naomie Harris, Frank Grillo, Mike Colter, Reid Scott",Kenneth Kynt Bryan,Police Officers Friend,In Theaters Now - Box Office Top Ten,5.7,
Black and Blue (2019),https://www.imdb.com/title/tt7390646/?ref_=inth_ov_tt,Action,108 min,Deon Taylor,https://www.imdb.com/name/nm1938064/?ref_=inth_ov_nm,"Stars: Naomie Harris, Frank Grillo, Mike Colter, Reid Scott",James Moses Black,Officer Deacon Brown,In Theaters Now - Box Office Top Ten,5.7,
Black and Blue (2019),https://www.imdb.com/title/tt7390646/?ref_=inth_ov_tt,Action,108 min,Deon Taylor,https://www.imdb.com/name/nm1938064/?ref_=inth_ov_nm,"Stars: Naomie Harris, Frank Grillo, Mike Colter, Reid Scott",Deneen Tyler,Captain Regina Hackett,In Theaters Now - Box Office Top Ten,5.7,
Black and Blue (2019),https://www.imdb.com/title/tt7390646/?ref_=inth_ov_tt,Action,108 min,Deon Taylor,https://www.imdb.com/name/nm1938064/?ref_=inth_ov_nm,"Stars: Naomie Harris, Frank Grillo, Mike Colter, Reid Scott",Michael Papajohn,SRT Leader,In Theaters Now - Box Office Top Ten,5.7,
Black and Blue (2019),https://www.imdb.com/title/tt7390646/?ref_=inth_ov_tt,Action,108 min,Deon Taylor,https://www.imdb.com/name/nm1938064/?ref_=inth_ov_nm,"Stars: Naomie Harris, Frank Grillo, Mike Colter, Reid Scott",Nelson Bonilla,Officer Doyle,In Theaters Now - Box Office Top Ten,5.7,
Black and Blue (2019),https://www.imdb.com/title/tt7390646/?ref_=inth_ov_tt,Action,108 min,Deon Taylor,https://www.imdb.com/name/nm1938064/?ref_=inth_ov_nm,"Stars: Naomie Harris, Frank Grillo, Mike Colter, Reid Scott",Sam Malone,Tattooed Homie,In Theaters Now - Box Office Top Ten,5.7,
Black and Blue (2019),https://www.imdb.com/title/tt7390646/?ref_=inth_ov_tt,Action,108 min,Deon Taylor,https://www.imdb.com/name/nm1938064/?ref_=inth_ov_nm,"Stars: Naomie Harris, Frank Grillo, Mike Colter, Reid Scott",Frankie Smith,Tez,In Theaters Now - Box Office Top Ten,5.7,
Black and Blue (2019),https://www.imdb.com/title/tt7390646/?ref_=inth_ov_tt,Action,108 min,Deon Taylor,https://www.imdb.com/name/nm1938064/?ref_=inth_ov_nm,"Stars: Naomie Harris, Frank Grillo, Mike Colter, Reid Scott",Vermyttya Erahn,Kingston's Lady,In Theaters Now - Box Office Top Ten,5.7,
Motherless Brooklyn (2019),https://www.imdb.com/title/tt0385887/?ref_=inth_ov_tt,Crime,144 min,Edward Norton,https://www.imdb.com/name/nm0001570/?ref_=inth_ov_nm,"Stars: Edward Norton, Gugu Mbatha-Raw, Alec Baldwin, Bobby Cannavale",Edward Norton,Lionel Essrog,In Theaters Now - Box Office Top Ten,7.3,
Motherless Brooklyn (2019),https://www.imdb.com/title/tt0385887/?ref_=inth_ov_tt,Crime,144 min,Edward Norton,https://www.imdb.com/name/nm0001570/?ref_=inth_ov_nm,"Stars: Edward Norton, Gugu Mbatha-Raw, Alec Baldwin, Bobby Cannavale",Gugu Mbatha-Raw,Laura Rose,In Theaters Now - Box Office Top Ten,7.3,
Motherless Brooklyn (2019),https://www.imdb.com/title/tt0385887/?ref_=inth_ov_tt,Crime,144 min,Edward Norton,https://www.imdb.com/name/nm0001570/?ref_=inth_ov_nm,"Stars: Edward Norton, Gugu Mbatha-Raw, Alec Baldwin, Bobby Cannavale",Alec Baldwin,Moses Randolph,In Theaters Now - Box Office Top Ten,7.3,
Motherless Brooklyn (2019),https://www.imdb.com/title/tt0385887/?ref_=inth_ov_tt,Crime,144 min,Edward Norton,https://www.imdb.com/name/nm0001570/?ref_=inth_ov_nm,"Stars: Edward Norton, Gugu Mbatha-Raw, Alec Baldwin, Bobby Cannavale",Bobby Cannavale,Tony Vermonte,In Theaters Now - Box Office Top Ten,7.3,
Motherless Brooklyn (2019),https://www.imdb.com/title/tt0385887/?ref_=inth_ov_tt,Crime,144 min,Edward Norton,https://www.imdb.com/name/nm0001570/?ref_=inth_ov_nm,"Stars: Edward Norton, Gugu Mbatha-Raw, Alec Baldwin, Bobby Cannavale",Willem Dafoe,Paul,In Theaters Now - Box Office Top Ten,7.3,
Motherless Brooklyn (2019),https://www.imdb.com/title/tt0385887/?ref_=inth_ov_tt,Crime,144 min,Edward Norton,https://www.imdb.com/name/nm0001570/?ref_=inth_ov_nm,"Stars: Edward Norton, Gugu Mbatha-Raw, Alec Baldwin, Bobby Cannavale",Bruce Willis,Frank Minna,In Theaters Now - Box Office Top Ten,7.3,
Motherless Brooklyn (2019),https://www.imdb.com/title/tt0385887/?ref_=inth_ov_tt,Crime,144 min,Edward Norton,https://www.imdb.com/name/nm0001570/?ref_=inth_ov_nm,"Stars: Edward Norton, Gugu Mbatha-Raw, Alec Baldwin, Bobby Cannavale",Ethan Suplee,Gilbert Coney,In Theaters Now - Box Office Top Ten,7.3,
Motherless Brooklyn (2019),https://www.imdb.com/title/tt0385887/?ref_=inth_ov_tt,Crime,144 min,Edward Norton,https://www.imdb.com/name/nm0001570/?ref_=inth_ov_nm,"Stars: Edward Norton, Gugu Mbatha-Raw, Alec Baldwin, Bobby Cannavale",Cherry Jones,Gabby Horowitz,In Theaters Now - Box Office Top Ten,7.3,
Motherless Brooklyn (2019),https://www.imdb.com/title/tt0385887/?ref_=inth_ov_tt,Crime,144 min,Edward Norton,https://www.imdb.com/name/nm0001570/?ref_=inth_ov_nm,"Stars: Edward Norton, Gugu Mbatha-Raw, Alec Baldwin, Bobby Cannavale",Dallas Roberts,Danny Fantl,In Theaters Now - Box Office Top Ten,7.3,
Motherless Brooklyn (2019),https://www.imdb.com/title/tt0385887/?ref_=inth_ov_tt,Crime,144 min,Edward Norton,https://www.imdb.com/name/nm0001570/?ref_=inth_ov_nm,"Stars: Edward Norton, Gugu Mbatha-Raw, Alec Baldwin, Bobby Cannavale",Josh Pais,William Lieberman,In Theaters Now - Box Office Top Ten,7.3,
Motherless Brooklyn (2019),https://www.imdb.com/title/tt0385887/?ref_=inth_ov_tt,Crime,144 min,Edward Norton,https://www.imdb.com/name/nm0001570/?ref_=inth_ov_nm,"Stars: Edward Norton, Gugu Mbatha-Raw, Alec Baldwin, Bobby Cannavale",Radu Spinghel,Giant Man,In Theaters Now - Box Office Top Ten,7.3,
Motherless Brooklyn (2019),https://www.imdb.com/title/tt0385887/?ref_=inth_ov_tt,Crime,144 min,Edward Norton,https://www.imdb.com/name/nm0001570/?ref_=inth_ov_nm,"Stars: Edward Norton, Gugu Mbatha-Raw, Alec Baldwin, Bobby Cannavale",Fisher Stevens,Lou,In Theaters Now - Box Office Top Ten,7.3,
Motherless Brooklyn (2019),https://www.imdb.com/title/tt0385887/?ref_=inth_ov_tt,Crime,144 min,Edward Norton,https://www.imdb.com/name/nm0001570/?ref_=inth_ov_nm,"Stars: Edward Norton, Gugu Mbatha-Raw, Alec Baldwin, Bobby Cannavale",Peter Gray Lewis,Mayor (as Peter Lewis),In Theaters Now - Box Office Top Ten,7.3,
Motherless Brooklyn (2019),https://www.imdb.com/title/tt0385887/?ref_=inth_ov_tt,Crime,144 min,Edward Norton,https://www.imdb.com/name/nm0001570/?ref_=inth_ov_nm,"Stars: Edward Norton, Gugu Mbatha-Raw, Alec Baldwin, Bobby Cannavale",Robert Wisdom,Billy Rose (as Robert Ray Wisdom),In Theaters Now - Box Office Top Ten,7.3,
Motherless Brooklyn (2019),https://www.imdb.com/title/tt0385887/?ref_=inth_ov_tt,Crime,144 min,Edward Norton,https://www.imdb.com/name/nm0001570/?ref_=inth_ov_nm,"Stars: Edward Norton, Gugu Mbatha-Raw, Alec Baldwin, Bobby Cannavale",Michael Kenneth Williams,Trumpet Man,In Theaters Now - Box Office Top Ten,7.3,
Arctic Dogs (2019),https://www.imdb.com/title/tt4426464/?ref_=inth_ov_tt,Animation,92 min,Aaron Woodley,https://www.imdb.com/name/nm0005616/?ref_=inth_ov_nm,"Stars: Jeremy Renner, Heidi Klum, James Franco, John Cleese",,,In Theaters Now - Box Office Top Ten,4,
